Name,Age
Kenneth Kane,80
Daniel Davis,87
Richard Williams,64
Steven Dickerson,78
Amanda Garcia,83
David Ruiz,57
Lisa Lewis,56
Michael Webster,66
Ashley Ramos,69
Rebecca Howard,66
Chris White,78
John Hale,100
Mrs. Amanda Franklin DVM,79
Leslie Gutierrez,84
Tracey Rivera,60
Donna Chandler,61
Cheryl Stephens,72
Angel Hamilton,87
Richard Jones,74
Joe Cruz,69
Eric Hernandez,52
Kristina Tucker,69
Brittany Simpson,78
Lisa Gregory,70
Tiffany Baldwin,61
Morgan Beasley,98
Elizabeth Sutton,58
Stephanie Miller,60
Virginia Morales,65
Wesley Sims,89
Teresa Scott,68
Jennifer Doyle,68
Shelly Allen,87
Jonathan Lynn,80
Heather Camacho,51
Kathleen Coleman,81
Andrew Morales,62
Courtney Ayala,70
Christine Phillips,69
Austin Rivera,82
Nicole Hoffman,54
Michael Davis,73
Corey Jimenez,76
Julie Molina,59
Jennifer Murphy,86
Jonathan Gutierrez,90
Kevin Choi,95
Patricia Peterson,65
Susan Peters,73
Alexander Davis,91
Scott Pham,85
Jessica Weaver,56
Karen Gonzalez,56
Kimberly Hurley,58
Heidi Hayes,88
Mary Scott,95
Melody Diaz,54
Chad Fry,53
Mitchell Perez,78
John Smith,71
Jesse Hopkins,56
Dominic Stephens,94
Cynthia Bautista,98
Amanda Weiss,67
Belinda Armstrong,99
Emily Armstrong,65
Jessica Christian,98
Pamela Martinez,62
Patricia Howard,56
Carla Jimenez,82
Jennifer Ali,63
Dr. Melissa Harris,55
Michael Sullivan,61
Robert Becker,53
James Martinez,60
Michael Frazier,83
Megan Duarte,87
Elizabeth Carter,74
Timothy Sanders,67
Nicholas Jones,83
Michael Vasquez,98
Brandon Ross,87
Matthew Beck,54
Larry Berger,69
David Rodgers,68
Stephanie Rangel,81
Robert Barnes,68
William Coleman,74
Seth Young,68
Crystal Hunt,98
Melissa Smith,61
Drew Hughes,76
Christopher Perez,50
Kelly Davis,95
Benjamin Robinson,54
